{
  "camera_matrix": {
    "data": [
      313.9464198227167,
      0.0,
      247.29267627205402,
      0.0,
      294.29227069178916,
      253.3007657264933,
      0.0,
      0.0,
      1.0
    ],
    "shape": [
      3,
      3
    ]
  },
  "distortion_coeffs": {
    "data": [
      -0.13095182957749513,
      0.018283915317332283,
      0.008413984201617953,
      -0.024521883368646424,
      0.0037635223569938542
    ],
    "shape": [
      1,
      5
    ]
  },
  "reprojection_error": 2.9516646194757836,
  "successful_frames": 10
}