{
  "camera_matrix": {
    "data": [
      836.8531798575406,
      0.0,
      682.3666950165353,
      0.0,
      833.5569227412716,
      347.875053093143,
      0.0,
      0.0,
      1.0
    ],
    "shape": [
      3,
      3
    ]
  },
  "distortion_coeffs": {
    "data": [
      0.04737401993912241,
      -0.23508421902341595,
      0.0033568272576213645,
      -0.002494435457766598,
      0.24682208765888602
    ],
    "shape": [
      1,
      5
    ]
  },
  "reprojection_error": 0.599643417672876,
  "successful_frames": 10
}