{
  "camera_matrix": {
    "data": [
      701.3821886465686,
      0.0,
      978.5591110572125,
      0.0,
      697.877373894156,
      560.0290406929486,
      0.0,
      0.0,
      1.0
    ],
    "shape": [
      3,
      3
    ]
  },
  "distortion_coeffs": {
    "data": [
      -0.07125134056227202,
      0.00590309443590343,
      0.0056302950627070995,
      0.0033696273822079867,
      0.0020762572634082884
    ],
    "shape": [
      1,
      5
    ]
  },
  "reprojection_error": 0.9815821485448473,
  "successful_frames": 10
}